交易所,板块,代码,名称,行业,地域板块,概念题材,最新价,涨跌幅(%),成交额(亿元),振幅(%),换手率(%),量比,市盈率,市净率,主线评分,主线明细,评分,评分明细,优先级,入选理由,建议建仓位,是否适合今天建第一笔,建议动作,风险提示,排名
深交所,创业板,300024,机器人,自动化设备,辽宁板块,"军工,参股保险,3D打印,特斯拉概念,养老概念,医疗器械概念,央国企改革,人工智能,工业互联,UWB概念,半导体概念,机器视觉,机器人概念,人形机器人",16.19,0.62,11.15,3.92,4.42,1.51,-68.51,6.26,13.00,行业自动化设备均涨1.95%上涨率67%前排59%/24%；强概念机器视觉均涨1.77%上涨率74%；主线13/15,83.04,成交额分层5/12；换手5/5；量比4/4；涨跌幅5/8；振幅质量近似5/5；日内位置6/8；尾盘近似10.04/20；历史风险22/22；空间盈亏比8/13；行业自动化设备均涨1.95%上涨率67%前排59%/24%；强概念机器视觉均涨1.77%上涨率74%；主线13/15,核心关注,成交额观察、振幅适中、换手率适中、涨幅未过热、量比健康、价格区间适合重仓隔夜,16.03-16.16企稳可分批看第一笔,是,可按区间观察第一笔10%，只做试仓；参考区间：16.03-16.16企稳可分批看第一笔,若跌破日内低点15.75或回踩后持续弱于昨收16.09，应降低仓位预期,Top1
上交所,沪市主板,600875,东方电气,其他电源设备Ⅱ,四川板块,"成渝特区,核能核电,西部大开发,风能,燃料电池概念,央国企改革,一带一路,贬值受益,氢能源,新能源车,储能概念,抽水蓄能,超超临界发电,可控核聚变,雅下水电概念,电池技术",39.97,2.30,41.43,7.78,4.56,0.96,21.80,2.95,11.00,行业其他电源设备Ⅱ均涨0.74%上涨率62%前排28%/3%；强概念抽水蓄能均涨1.24%上涨率66%；主线11/15,79.00,成交额分层12/12；换手5/5；量比1/4；涨跌幅8/8；振幅质量近似1/5；日内位置3/8；尾盘近似4.76/20；历史风险22/22；空间盈亏比13/13；行业其他电源设备Ⅱ均涨0.74%上涨率62%前排28%/3%；强概念抽水蓄能均涨1.24%上涨率66%；主线11/15；执行条件不足封顶79,优先观察,成交额高、换手率适中、涨幅未过热、价格区间适合重仓隔夜,39.21-39.82企稳可分批看第一笔,否,今天不追高，只有回踩关键区后重新企稳才看；参考区间：39.21-39.82企稳可分批看第一笔,若跌破日内低点38.10或回踩后持续弱于昨收39.07，应降低仓位预期,Top2
上交所,沪市主板,600699,均胜电子,汽车零部件,浙江板块,"特斯拉概念,充电桩,无人驾驶,华为概念,新能源车,车联网(车路云),无线充电,华为汽车,激光雷达,光通信模块,高压快充,小米汽车,英伟达概念,人形机器人",30.93,1.84,29.54,3.72,7.15,1.37,29.82,2.74,9.00,行业汽车零部件均涨-0.17%上涨率38%前排17%/2%；强概念英伟达概念均涨1.71%上涨率64%；主线9/15,82.44,成交额分层9/12；换手3/5；量比4/4；涨跌幅8/8；振幅质量近似5/5；日内位置8/8；尾盘近似13.44/20；历史风险22/22；空间盈亏比1/13；行业汽车零部件均涨-0.17%上涨率38%前排17%/2%；强概念英伟达概念均涨1.71%上涨率64%；主线9/15,优先观察,流动性达标、振幅适中、换手率适中、涨幅未过热、量比健康、价格区间适合重仓隔夜；组合相关性降级(概念重叠:人形机器人/特斯拉概念),30.65-30.87企稳可分批看第一笔,是,可按区间观察第一笔10%，只做试仓；参考区间：30.65-30.87企稳可分批看第一笔,若跌破日内低点29.85或回踩后持续弱于昨收30.37，应降低仓位预期,Top3
上交所,沪市主板,600580,卧龙电驱,电机Ⅱ,浙江板块,"核能核电,长江三角,海洋经济,特斯拉概念,一带一路,工业互联,华为概念,新能源车,机器人概念,同步磁阻电机,飞行汽车(eVTOL),低空经济,人形机器人",40.96,1.19,27.55,3.29,4.33,1.17,57.96,5.88,9.00,行业电机Ⅱ均涨1.14%上涨率56%前排40%/4%；强概念工业互联均涨1.03%上涨率60%；主线9/15,79.71,成交额分层9/12；换手5/5；量比4/4；涨跌幅8/8；振幅质量近似5/5；日内位置1/8；尾盘近似3.71/20；历史风险22/22；空间盈亏比13/13；行业电机Ⅱ均涨1.14%上涨率56%前排40%/4%；强概念工业互联均涨1.03%上涨率60%；主线9/15,候选观察,流动性达标、振幅适中、换手率适中、涨幅未过热、量比健康、价格区间适合重仓隔夜；组合相关性降级(概念重叠:人形机器人/工业互联/机器人概念/特斯拉概念),40.63-40.89企稳可分批看第一笔,是,可按区间观察第一笔10%，只做试仓；参考区间：40.63-40.89企稳可分批看第一笔,若跌破日内低点40.25或回踩后持续弱于昨收40.48，应降低仓位预期,Top4
深交所,创业板,300458,全志科技,半导体,广东板块,"物联网,智能穿戴,阿里概念,虚拟现实,人工智能,无人驾驶,小米概念,百度概念,华为概念,超清视频,边缘计算,国产芯片,WiFi,半导体概念,车联网(车路云),中芯概念,汽车芯片,EDR概念,机器人概念,算力概念,消费电子概念,通信技术",36.72,1.58,12.66,3.85,4.36,0.83,44.79,11.53,11.00,行业半导体均涨0.77%上涨率57%前排32%/46%；强概念超清视频均涨1.34%上涨率67%；主线11/15,79.07,成交额分层5/12；换手5/5；量比1/4；涨跌幅8/8；振幅质量近似5/5；日内位置3/8；尾盘近似6.07/20；历史风险22/22；空间盈亏比13/13；行业半导体均涨0.77%上涨率57%前排32%/46%；强概念超清视频均涨1.34%上涨率67%；主线11/15,候选观察,成交额观察、振幅适中、换手率适中、涨幅未过热、价格区间适合重仓隔夜；组合相关性降级(概念重叠:人工智能/半导体概念/机器人概念),36.37-36.65企稳可分批看第一笔,是,可按区间观察第一笔10%，只做试仓；参考区间：36.37-36.65企稳可分批看第一笔,若跌破日内低点35.90或回踩后持续弱于昨收36.15，应降低仓位预期,Top5
上交所,沪市主板,600330,天通股份,电子化学品Ⅱ,浙江板块,"新材料,锂电池概念,LED概念,光伏概念,长江三角,特斯拉概念,蓝宝石,小金属概念,充电桩,5G概念,OLED,超清视频,PCB,国产芯片,新能源车,半导体概念,MicroLED,无线充电,商业航天,储能概念,CPO概念,光通信模块,消费电子概念,电池技术,通信技术",30.08,1.90,43.29,6.00,11.70,0.73,-221.66,4.78,13.00,行业电子化学品Ⅱ均涨3.02%上涨率73%前排52%/3%；强概念超清视频均涨1.34%上涨率67%；主线13/15,79.00,成交额分层12/12；换手1/5；量比1/4；涨跌幅8/8；振幅质量近似1/5；日内位置3/8；尾盘近似5.36/20；历史风险22/22；空间盈亏比13/13；行业电子化学品Ⅱ均涨3.02%上涨率73%前排52%/3%；强概念超清视频均涨1.34%上涨率67%；主线13/15；执行条件不足封顶79,候选观察,成交额高、涨幅未过热、价格区间适合重仓隔夜；组合相关性降级(概念重叠:半导体概念/特斯拉概念),29.64-29.99企稳可分批看第一笔,否,今天不追高，只有回踩关键区后重新企稳才看；参考区间：29.64-29.99企稳可分批看第一笔,换手已偏高，若重新跌破昨收29.52附近，短线波动可能加剧,Top6
上交所,沪市主板,603220,中贝通信,通信服务,湖北板块,"物联网,锂电池概念,一带一路,5G概念,6G概念,储能概念,激光雷达,F5G概念,CPO概念,算力概念,DeepSeek概念,电池技术,通信技术",32.03,2.83,20.33,3.69,14.69,1.18,-1508645.88,4.46,11.00,行业通信服务均涨2.90%上涨率85%前排35%/29%；强概念5G概念均涨1.45%上涨率66%；主线11/15,79.00,成交额分层9/12；换手1/5；量比4/4；涨跌幅5/8；振幅质量近似5/5；日内位置8/8；尾盘近似12.76/20；历史风险22/22；空间盈亏比5/13；行业通信服务均涨2.90%上涨率85%前排35%/29%；强概念5G概念均涨1.45%上涨率66%；主线11/15；执行条件不足封顶79,候选观察,流动性达标、振幅适中、涨幅未过热、量比健康、价格区间适合重仓隔夜,31.74-31.97企稳可分批看第一笔,否,今天不追高，只有回踩关键区后重新企稳才看；参考区间：31.74-31.97企稳可分批看第一笔,换手已偏高，若重新跌破昨收31.15附近，短线波动可能加剧,Top7
上交所,沪市主板,603881,数据港,通信服务,上海板块,"互联网服务,云计算,大数据,央国企改革,阿里概念,百度概念,数据中心,国资云概念,东数西算,算力概念,液冷概念",41.52,2.49,29.06,4.79,9.86,0.71,166.53,8.86,13.00,行业通信服务均涨2.90%上涨率85%前排44%/18%；强概念国资云概念均涨1.04%上涨率67%；主线13/15,79.00,成交额分层9/12；换手1/5；量比1/4；涨跌幅5/8；振幅质量近似3/5；日内位置8/8；尾盘近似12.48/20；历史风险22/22；空间盈亏比8/13；行业通信服务均涨2.90%上涨率85%前排44%/18%；强概念国资云概念均涨1.04%上涨率67%；主线13/15；执行条件不足封顶79,候选观察,流动性达标、涨幅未过热、价格区间适合重仓隔夜,41.04-41.42企稳可分批看第一笔,否,今天不追高，只有回踩关键区后重新企稳才看；参考区间：41.04-41.42企稳可分批看第一笔,换手已偏高，若重新跌破昨收40.51附近，短线波动可能加剧,Top8
深交所,深市主板,000063,中兴通讯,通信设备,广东板块,"深圳特区,物联网,云计算,智慧城市,智能穿戴,网络安全,在线教育,量子科技,5G概念,人工智能,工业互联,超清视频,边缘计算,国产芯片,无线耳机,IPv6,卫星互联网,数据中心,屏下摄像,无线充电,6G概念,信创,算力概念,液冷概念,AI手机,低空经济,消费电子概念,通信技术,光纤概念",37.51,2.18,50.00,5.61,3.33,0.93,34.23,2.34,13.00,行业通信设备均涨1.45%上涨率63%前排29%/12%；强概念超清视频均涨1.34%上涨率67%；主线13/15,79.00,成交额分层12/12；换手5/5；量比1/4；涨跌幅8/8；振幅质量近似1/5；日内位置6/8；尾盘近似9.7/20；历史风险22/22；空间盈亏比8/13；行业通信设备均涨1.45%上涨率63%前排29%/12%；强概念超清视频均涨1.34%上涨率67%；主线13/15；执行条件不足封顶79,候选观察,成交额高、换手率适中、涨幅未过热、价格区间适合重仓隔夜,36.99-37.41企稳可分批看第一笔,否,今天不追高，只有回踩关键区后重新企稳才看；参考区间：36.99-37.41企稳可分批看第一笔,若跌破日内低点36.02或回踩后持续弱于昨收36.71，应降低仓位预期,Top9
深交所,深市主板,002202,金风科技,风电设备,新疆板块,"新能源,西部大开发,风能,一带一路,氢能源,特高压,商业航天,储能概念,抽水蓄能,绿色电力",25.79,2.79,37.77,5.18,4.35,0.73,30.02,2.74,15.00,行业风电设备均涨1.03%上涨率60%前排20%/3%；强概念抽水蓄能均涨1.24%上涨率66%；主线15/15,79.00,成交额分层12/12；换手5/5；量比1/4；涨跌幅5/8；振幅质量近似1/5；日内位置3/8；尾盘近似5.66/20；历史风险22/22；空间盈亏比13/13；行业风电设备均涨1.03%上涨率60%前排20%/3%；强概念抽水蓄能均涨1.24%上涨率66%；主线15/15；执行条件不足封顶79,候选观察,成交额高、换手率适中、涨幅未过热、价格区间适合重仓隔夜,25.46-25.72企稳可分批看第一笔,否,今天不追高，只有回踩关键区后重新企稳才看；参考区间：25.46-25.72企稳可分批看第一笔,若跌破日内低点25.00或回踩后持续弱于昨收25.09，应降低仓位预期,Top10
深交所,深市主板,002241,歌尔股份,消费电子,山东板块,"LED概念,智能穿戴,智能电视,苹果概念,智能家居,无人机,虚拟现实,增强现实,工业互联,小米概念,独角兽,华为概念,国产芯片,无线耳机,传感器,MicroLED,元宇宙概念,混合现实,AI眼镜,消费电子概念",25.81,1.89,34.16,6.20,4.27,1.07,45.54,2.45,13.00,行业消费电子均涨1.37%上涨率67%前排32%/13%；强概念AI眼镜均涨1.42%上涨率64%；主线13/15,79.00,成交额分层12/12；换手5/5；量比2/4；涨跌幅8/8；振幅质量近似1/5；日内位置8/8；尾盘近似12.26/20；历史风险22/22；空间盈亏比8/13；行业消费电子均涨1.37%上涨率67%前排32%/13%；强概念AI眼镜均涨1.42%上涨率64%；主线13/15；执行条件不足封顶79,备选,成交额高、换手率适中、涨幅未过热、量比健康、价格区间适合重仓隔夜,25.42-25.73企稳可分批看第一笔,否,今天不追高，只有回踩关键区后重新企稳才看；参考区间：25.42-25.73企稳可分批看第一笔,若跌破日内低点24.59或回踩后持续弱于昨收25.33，应降低仓位预期,Top11
深交所,深市主板,002600,领益智造,消费电子,广东板块,"新材料,智能穿戴,苹果概念,5G概念,虚拟现实,人工智能,增强现实,小米概念,华为概念,无线耳机,新能源车,激光雷达,机器人概念,减速器,液冷概念,混合现实,柔性屏(折叠屏),AI手机,AIPC,AI眼镜,人形机器人,消费电子概念",17.07,0.77,67.78,5.90,5.55,1.17,79.63,5.14,13.00,行业消费电子均涨1.37%上涨率67%前排49%/6%；强概念5G概念均涨1.45%上涨率66%；主线13/15,79.00,成交额分层12/12；换手5/5；量比4/4；涨跌幅5/8；振幅质量近似1/5；日内位置3/8；尾盘近似5.53/20；历史风险22/22；空间盈亏比13/13；行业消费电子均涨1.37%上涨率67%前排49%/6%；强概念5G概念均涨1.45%上涨率66%；主线13/15；执行条件不足封顶79,备选,成交额高、换手率适中、涨幅未过热、量比健康、价格区间适合重仓隔夜,16.82-17.02企稳可分批看第一笔,否,今天不追高，只有回踩关键区后重新企稳才看；参考区间：16.82-17.02企稳可分批看第一笔,若跌破日内低点16.43或回踩后持续弱于昨收16.94，应降低仓位预期,Top12
深交所,创业板,300115,长盈精密,消费电子,广东板块,"深圳特区,智能穿戴,特斯拉概念,苹果概念,燃料电池概念,5G概念,虚拟现实,小米概念,电子烟,国产芯片,无线耳机,新能源车,储能概念,机器人概念,减速器,柔性屏(折叠屏),AIPC,铜缆高速连接,AI眼镜,人形机器人,消费电子概念,电池技术,通信技术",38.75,1.71,39.53,5.12,7.62,1.24,105.31,6.21,13.00,行业消费电子均涨1.37%上涨率67%前排36%/9%；强概念5G概念均涨1.45%上涨率66%；主线13/15,79.00,成交额分层12/12；换手1/5；量比4/4；涨跌幅8/8；振幅质量近似1/5；日内位置8/8；尾盘近似12.58/20；历史风险22/22；空间盈亏比8/13；行业消费电子均涨1.37%上涨率67%前排36%/9%；强概念5G概念均涨1.45%上涨率66%；主线13/15；执行条件不足封顶79,备选,成交额高、涨幅未过热、量比健康、价格区间适合重仓隔夜,38.26-38.65企稳可分批看第一笔,否,今天不追高，只有回踩关键区后重新企稳才看；参考区间：38.26-38.65企稳可分批看第一笔,若跌破日内低点37.20或回踩后持续弱于昨收38.10，应降低仓位预期,Top13
深交所,创业板,300131,英唐智控,其他电子Ⅱ,广东板块,"深圳特区,物联网,智能家居,阿里概念,5G概念,无人驾驶,小米概念,OLED,华为概念,纳米银,光刻机(胶),国产芯片,新能源车,半导体概念,车联网(车路云),第三代半导体,汽车芯片,碳化硅,激光雷达,CPO概念,ERP概念,存储芯片,AI眼镜,通信技术",21.75,1.02,29.88,10.64,13.63,0.80,1514.88,14.30,11.00,行业其他电子Ⅱ均涨1.05%上涨率58%前排45%/6%；强概念5G概念均涨1.45%上涨率66%；主线11/15,79.00,成交额分层9/12；换手1/5；量比1/4；涨跌幅8/8；振幅质量近似1/5；日内位置8/8；尾盘近似12.11/20；历史风险22/22；空间盈亏比8/13；行业其他电子Ⅱ均涨1.05%上涨率58%前排45%/6%；强概念5G概念均涨1.45%上涨率66%；主线11/15；执行条件不足封顶79,备选,流动性达标、涨幅未过热、价格区间适合重仓隔夜,21.18-21.64企稳可分批看第一笔,否,今天不追高，只有回踩关键区后重新企稳才看；参考区间：21.18-21.64企稳可分批看第一笔,换手已偏高，若重新跌破昨收21.53附近，短线波动可能加剧,Top14
深交所,创业板,300602,飞荣达,消费电子,广东板块,"深圳特区,光伏概念,石墨烯,苹果概念,充电桩,5G概念,华为概念,新能源车,储能概念,汽车热管理,麒麟电池,液冷概念,柔性屏(折叠屏),AIPC,荣耀概念,华为海思,人形机器人,电池技术,通信技术",38.79,2.56,12.07,6.85,7.95,1.16,72.94,5.44,13.00,行业消费电子均涨1.37%上涨率67%前排26%/26%；强概念5G概念均涨1.45%上涨率66%；主线13/15,79.00,成交额分层5/12；换手1/5；量比4/4；涨跌幅5/8；振幅质量近似1/5；日内位置8/8；尾盘近似12.23/20；历史风险22/22；空间盈亏比8/13；行业消费电子均涨1.37%上涨率67%前排26%/26%；强概念5G概念均涨1.45%上涨率66%；主线13/15；执行条件不足封顶79,备选,成交额观察、涨幅未过热、量比健康、价格区间适合重仓隔夜,38.14-38.66企稳可分批看第一笔,否,今天不追高，只有回踩关键区后重新企稳才看；参考区间：38.14-38.66企稳可分批看第一笔,若跌破日内低点36.74或回踩后持续弱于昨收37.82，应降低仓位预期,Top15
深交所,深市主板,000034,神州数码,IT服务Ⅱ,广东板块,"深圳特区,物联网,云计算,网络安全,阿里概念,人工智能,无人驾驶,区块链,华为概念,边缘计算,数据中心,华为昇腾,数字经济,信创,ChatGPT概念,存储芯片,液冷概念,英伟达概念,华为海思,智谱AI概念,DeepSeek概念,腾讯云,AI应用",41.57,2.09,15.85,4.64,6.28,0.80,31.98,2.70,13.00,行业IT服务Ⅱ均涨1.41%上涨率65%前排31%/8%；强概念网络安全均涨1.62%上涨率72%；主线13/15,78.71,成交额分层5/12；换手3/5；量比1/4；涨跌幅8/8；振幅质量近似3/5；日内位置6/8；尾盘近似9.71/20；历史风险22/22；空间盈亏比8/13；行业IT服务Ⅱ均涨1.41%上涨率65%前排31%/8%；强概念网络安全均涨1.62%上涨率72%；主线13/15；执行条件不足封顶79,备选,成交额观察、换手率适中、涨幅未过热、价格区间适合重仓隔夜,41.10-41.48企稳可分批看第一笔,否,今天不追高，只有回踩关键区后重新企稳才看；参考区间：41.10-41.48企稳可分批看第一笔,若跌破日内低点40.31或回踩后持续弱于昨收40.72，应降低仓位预期,Top16
上交所,沪市主板,600879,航天电子,航天装备Ⅱ,湖北板块,"航天航空,军工,北斗导航,央国企改革,无人机,量子科技,军民融合,国产芯片,传感器,特高压,卫星互联网,商业航天,空间站概念,低空经济",23.56,1.86,32.55,5.14,4.16,0.73,621.30,3.72,13.00,行业航天装备Ⅱ均涨1.48%上涨率89%前排33%/22%；强概念国产芯片均涨1.06%上涨率64%；主线13/15,78.60,成交额分层12/12；换手5/5；量比1/4；涨跌幅8/8；振幅质量近似1/5；日内位置1/8；尾盘近似2.6/20；历史风险22/22；空间盈亏比13/13；行业航天装备Ⅱ均涨1.48%上涨率89%前排33%/22%；强概念国产芯片均涨1.06%上涨率64%；主线13/15；执行条件不足封顶79,备选,成交额高、换手率适中、涨幅未过热、价格区间适合重仓隔夜,23.26-23.50企稳可分批看第一笔,否,今天不追高，只有回踩关键区后重新企稳才看；参考区间：23.26-23.50企稳可分批看第一笔,若跌破日内低点23.00或回踩后持续弱于昨收23.13，应降低仓位预期,Top17
上交所,沪市主板,600176,中国巨石,玻璃玻纤,浙江板块,"新材料,风能,央国企改革,一带一路,PCB,PEEK材料概念,DeepSeek概念",34.14,0.83,46.81,5.73,3.45,0.87,26.96,4.23,7.00,行业玻璃玻纤均涨0.24%上涨率47%前排40%/7%；强概念DeepSeek概念均涨1.18%上涨率62%；主线7/15,77.65,成交额分层12/12；换手5/5；量比1/4；涨跌幅8/8；振幅质量近似1/5；日内位置3/8；尾盘近似5.65/20；历史风险22/22；空间盈亏比13/13；行业玻璃玻纤均涨0.24%上涨率47%前排40%/7%；强概念DeepSeek概念均涨1.18%上涨率62%；主线7/15；主线不足封顶79；执行条件不足封顶79,备选,成交额高、换手率适中、涨幅未过热、价格区间适合重仓隔夜,33.66-34.04企稳可分批看第一笔,否,今天不追高，只有回踩关键区后重新企稳才看；参考区间：33.66-34.04企稳可分批看第一笔,若跌破日内低点32.88或回踩后持续弱于昨收33.86，应降低仓位预期,Top18
深交所,深市主板,000960,锡业股份,小金属,云南板块,"稀缺资源,西部大开发,央国企改革,小金属概念,化债(AMC)概念",37.70,3.23,22.72,7.53,3.73,0.79,17.88,3.05,9.00,行业小金属均涨0.70%上涨率58%前排17%/21%；强概念稀缺资源均涨0.53%上涨率50%；主线9/15,77.55,成交额分层9/12；换手5/5；量比1/4；涨跌幅2/8；振幅质量近似1/5；日内位置8/8；尾盘近似12.55/20；历史风险22/22；空间盈亏比8/13；行业小金属均涨0.70%上涨率58%前排17%/21%；强概念稀缺资源均涨0.53%上涨率50%；主线9/15；执行条件不足封顶79,备选,流动性达标、换手率适中、价格区间适合重仓隔夜,36.74-37.29回踩稳住再看，不追高,否,今天不追高，只有回踩关键区后重新企稳才看；参考区间：36.74-37.29回踩稳住再看，不追高,若跌破日内低点35.35或回踩后持续弱于昨收36.52，应降低仓位预期,Top19
深交所,深市主板,002747,埃斯顿,自动化设备,江苏板块,"养老概念,医疗器械概念,人工智能,工业互联,机器视觉,工业母机,机器人概念,人形机器人",26.07,2.52,19.37,5.54,9.49,1.66,64.47,7.79,13.00,行业自动化设备均涨1.95%上涨率67%前排33%/14%；强概念机器视觉均涨1.77%上涨率74%；主线13/15,77.36,成交额分层5/12；换手1/5；量比2/4；涨跌幅5/8；振幅质量近似1/5；日内位置6/8；尾盘近似9.36/20；历史风险22/22；空间盈亏比13/13；行业自动化设备均涨1.95%上涨率67%前排33%/14%；强概念机器视觉均涨1.77%上涨率74%；主线13/15；执行条件不足封顶79,备选,成交额观察、涨幅未过热、量比健康、价格区间适合重仓隔夜,25.72-26.00企稳可分批看第一笔,否,今天不追高，只有回踩关键区后重新企稳才看；参考区间：25.72-26.00企稳可分批看第一笔,换手已偏高，若重新跌破昨收25.43附近，短线波动可能加剧,Top20
深交所,深市主板,002636,金安国纪,元件,上海板块,"医疗器械概念,PCB",43.77,2.03,10.81,4.27,3.45,0.69,39.47,8.35,11.00,行业元件均涨2.73%上涨率76%前排43%/40%；强概念PCB均涨1.61%上涨率64%；主线11/15,77.28,成交额分层5/12；换手5/5；量比1/4；涨跌幅8/8；振幅质量近似3/5；日内位置8/8；尾盘近似13.28/20；历史风险22/22；空间盈亏比1/13；行业元件均涨2.73%上涨率76%前排43%/40%；强概念PCB均涨1.61%上涨率64%；主线11/15,备选,成交额观察、振幅适中、换手率适中、涨幅未过热、价格区间适合重仓隔夜,43.31-43.68企稳可分批看第一笔,是,可按区间观察第一笔10%，只做试仓；参考区间：43.31-43.68企稳可分批看第一笔,若跌破日内低点42.08或回踩后持续弱于昨收42.90，应降低仓位预期,Top21
上交所,沪市主板,601225,陕西煤业,煤炭开采,陕西板块,"西部大开发,央国企改革",24.39,2.22,16.00,3.27,0.68,1.42,14.04,2.32,8.00,行业煤炭开采均涨2.62%上涨率92%前排40%/12%；主线8/15,77.19,成交额分层5/12；换手1/5；量比4/4；涨跌幅8/8；振幅质量近似5/5；日内位置6/8；尾盘近似10.19/20；历史风险22/22；空间盈亏比8/13；行业煤炭开采均涨2.62%上涨率92%前排40%/12%；主线8/15,备选,成交额观察、振幅适中、涨幅未过热、量比健康、价格区间适合重仓隔夜,24.20-24.35企稳可分批看第一笔,观察后决定,先观察承接与回收，再决定是否试10%；参考区间：24.20-24.35企稳可分批看第一笔,若跌破日内低点23.86或回踩后持续弱于昨收23.86，应降低仓位预期,Top22
深交所,创业板,300738,奥飞数据,通信服务,广东板块,"互联网服务,云计算,大数据,网络安全,一带一路,百度概念,边缘计算,数据中心,元宇宙概念,东数西算,算力概念,数据要素",27.83,1.72,29.91,3.47,10.88,1.07,73.92,7.14,13.00,行业通信服务均涨2.90%上涨率85%前排68%/15%；强概念互联网服务均涨1.37%上涨率69%；主线13/15,76.92,成交额分层9/12；换手1/5；量比2/4；涨跌幅8/8；振幅质量近似5/5；日内位置1/8；尾盘近似2.92/20；历史风险22/22；空间盈亏比13/13；行业通信服务均涨2.90%上涨率85%前排68%/15%；强概念互联网服务均涨1.37%上涨率69%；主线13/15；执行条件不足封顶79,备选,流动性达标、振幅适中、涨幅未过热、量比健康、价格区间适合重仓隔夜,27.59-27.78企稳可分批看第一笔,否,今天不追高，只有回踩关键区后重新企稳才看；参考区间：27.59-27.78企稳可分批看第一笔,换手已偏高，若重新跌破昨收27.36附近，短线波动可能加剧,Top23
深交所,深市主板,002261,拓维信息,软件开发,湖南板块,"网络游戏,云计算,大数据,在线教育,阿里概念,人工智能,工业互联,独角兽,华为概念,边缘计算,智慧政务,车联网(车路云),鸿蒙概念,华为昇腾,华为欧拉,东数西算,机器人概念,信创,液冷概念,DeepSeek概念",33.93,1.80,20.37,1.92,5.24,0.61,173.91,16.41,13.00,行业软件开发均涨1.63%上涨率75%前排36%/3%；强概念DeepSeek概念均涨1.18%上涨率62%；主线13/15,75.84,成交额分层9/12；换手5/5；量比1/4；涨跌幅8/8；振幅质量近似3/5；日内位置3/8；尾盘近似6.84/20；历史风险22/22；空间盈亏比5/13；行业软件开发均涨1.63%上涨率75%前排36%/3%；强概念DeepSeek概念均涨1.18%上涨率62%；主线13/15,备选,流动性达标、振幅适中、换手率适中、涨幅未过热、价格区间适合重仓隔夜,33.77-33.90企稳可分批看第一笔,是,可按区间观察第一笔10%，只做试仓；参考区间：33.77-33.90企稳可分批看第一笔,若跌破日内低点33.55或回踩后持续弱于昨收33.33，应降低仓位预期,Top24
上交所,沪市主板,605589,圣泉集团,塑料,山东板块,"军工,节能环保,新材料,锂电池概念,石墨烯,3D打印,国产软件,超级电容,氢能源,PCB,光刻机(胶),代糖概念,商业航天,固态电池,建筑节能,抗菌面料,高带宽内存,合成生物,电池技术",44.08,4.75,24.34,8.53,6.59,1.06,52.59,3.42,9.00,行业塑料均涨0.18%上涨率46%前排6%/3%；强概念高带宽内存均涨1.87%上涨率67%；主线9/15,75.64,成交额分层9/12；换手3/5；量比2/4；涨跌幅2/8；振幅质量近似1/5；日内位置8/8；尾盘近似11.64/20；历史风险22/22；空间盈亏比8/13；行业塑料均涨0.18%上涨率46%前排6%/3%；强概念高带宽内存均涨1.87%上涨率67%；主线9/15；执行条件不足封顶79,备选,流动性达标、换手率适中、量比健康、价格区间适合重仓隔夜,42.82-43.54回踩稳住再看，不追高,否,今天不追高，只有回踩关键区后重新企稳才看；参考区间：42.82-43.54回踩稳住再看，不追高,当日涨幅偏高，若跌破41.37附近承接且收不回，不宜追高接力,Top25
深交所,深市主板,002138,顺络电子,元件,广东板块,"深圳特区,物联网,移动支付,燃料电池概念,无人机,5G概念,小米概念,华为概念,传感器,无线充电,被动元件概念,消费电子概念,电池技术,通信技术",36.69,2.98,15.65,8.53,5.68,1.33,41.58,4.66,11.00,行业元件均涨2.73%上涨率76%前排36%/33%；强概念5G概念均涨1.45%上涨率66%；主线11/15,75.62,成交额分层5/12；换手5/5；量比4/4；涨跌幅5/8；振幅质量近似1/5；日内位置6/8；尾盘近似8.62/20；历史风险22/22；空间盈亏比8/13；行业元件均涨2.73%上涨率76%前排36%/33%；强概念5G概念均涨1.45%上涨率66%；主线11/15；执行条件不足封顶79,备选,成交额观察、换手率适中、涨幅未过热、量比健康、价格区间适合重仓隔夜,35.93-36.54企稳可分批看第一笔,否,今天不追高，只有回踩关键区后重新企稳才看；参考区间：35.93-36.54企稳可分批看第一笔,若跌破日内低点34.62或回踩后持续弱于昨收35.63，应降低仓位预期,Top26
深交所,深市主板,002380,科远智慧,IT服务Ⅱ,江苏板块,"互联网服务,长江三角,智慧城市,国产软件,人工智能,工业互联,华为概念,边缘计算,垃圾分类,虚拟电厂,超超临界发电,机器人概念,信创,新型工业化,AI应用",43.41,2.92,10.30,8.99,16.75,1.35,34.16,4.37,15.00,行业IT服务Ⅱ均涨1.41%上涨率65%前排18%/15%；强概念互联网服务均涨1.37%上涨率69%；主线15/15,75.53,成交额分层5/12；换手1/5；量比4/4；涨跌幅5/8；振幅质量近似1/5；日内位置6/8；尾盘近似8.53/20；历史风险22/22；空间盈亏比8/13；行业IT服务Ⅱ均涨1.41%上涨率65%前排18%/15%；强概念互联网服务均涨1.37%上涨率69%；主线15/15；执行条件不足封顶79,备选,成交额观察、涨幅未过热、量比健康、价格区间适合重仓隔夜,42.46-43.22企稳可分批看第一笔,否,今天不追高，只有回踩关键区后重新企稳才看；参考区间：42.46-43.22企稳可分批看第一笔,换手已偏高，若重新跌破昨收42.18附近，短线波动可能加剧,Top27
上交所,沪市主板,600602,云赛智联,软件开发,上海板块,"物联网,云计算,长江三角,食品安全,智慧城市,大数据,安防概念,沪企改革,央国企改革,国产软件,VPN,智慧政务,数据中心,国资云概念,信创,算力概念,数据要素,腾讯云",22.78,2.15,11.15,3.63,4.52,0.74,174.83,6.33,13.00,行业软件开发均涨1.63%上涨率75%前排30%/8%；强概念国资云概念均涨1.04%上涨率67%；主线13/15,75.51,成交额分层5/12；换手5/5；量比1/4；涨跌幅8/8；振幅质量近似5/5；日内位置1/8；尾盘近似2.51/20；历史风险22/22；空间盈亏比13/13；行业软件开发均涨1.63%上涨率75%前排30%/8%；强概念国资云概念均涨1.04%上涨率67%；主线13/15,备选,成交额观察、振幅适中、换手率适中、涨幅未过热、价格区间适合重仓隔夜,22.60-22.74企稳可分批看第一笔,是,可按区间观察第一笔10%，只做试仓；参考区间：22.60-22.74企稳可分批看第一笔,若跌破日内低点22.60或回踩后持续弱于昨收22.30，应降低仓位预期,Top28
上交所,沪市主板,601231,环旭电子,消费电子,上海板块,"LED概念,智能穿戴,苹果概念,增强现实,电子烟,UWB概念,无线耳机,新能源车,WiFi,半导体概念,光通信模块,AI眼镜,消费电子概念,通信技术",40.09,1.06,13.76,4.29,1.46,0.63,57.39,4.14,13.00,行业消费电子均涨1.37%上涨率67%前排46%/21%；强概念AI眼镜均涨1.42%上涨率64%；主线13/15,75.40,成交额分层5/12；换手1/5；量比1/4；涨跌幅8/8；振幅质量近似3/5；日内位置8/8；尾盘近似13.4/20；历史风险22/22；空间盈亏比1/13；行业消费电子均涨1.37%上涨率67%前排46%/21%；强概念AI眼镜均涨1.42%上涨率64%；主线13/15,备选,成交额观察、振幅适中、涨幅未过热、价格区间适合重仓隔夜,39.67-40.01企稳可分批看第一笔,观察后决定,先观察承接与回收，再决定是否试10%；参考区间：39.67-40.01企稳可分批看第一笔,若跌破日内低点38.47或回踩后持续弱于昨收39.67，应降低仓位预期,Top29
上交所,科创板,688126,沪硅产业,半导体,上海板块,"国产芯片,半导体概念,中芯概念,存储芯片",24.60,2.20,32.23,8.18,4.78,0.85,-42.07,4.83,11.00,行业半导体均涨0.77%上涨率57%前排25%/17%；强概念国产芯片均涨1.06%上涨率64%；主线11/15,75.20,成交额分层12/12；换手5/5；量比1/4；涨跌幅8/8；振幅质量近似1/5；日内位置1/8；尾盘近似1.2/20；历史风险22/22；空间盈亏比13/13；行业半导体均涨0.77%上涨率57%前排25%/17%；强概念国产芯片均涨1.06%上涨率64%；主线11/15；执行条件不足封顶79,备选,成交额高、换手率适中、涨幅未过热、价格区间适合重仓隔夜,24.11-24.50企稳可分批看第一笔,否,今天不追高，只有回踩关键区后重新企稳才看；参考区间：24.11-24.50企稳可分批看第一笔,若跌破日内低点23.73或回踩后持续弱于昨收24.07，应降低仓位预期,Top30
深交所,创业板,300058,蓝色光标,广告营销,北京板块,"大数据,在线教育,人工智能,AI智能体,区块链,百度概念,抖音概念(字节概念),网红经济,快手概念,元宇宙概念,职业教育,虚拟数字人,机器人概念,Web3.0,AIGC概念,跨境电商,ChatGPT概念,短剧互动游戏,智谱AI概念,小红书概念,AI应用,文娱消费",17.90,1.36,60.13,7.36,9.69,0.71,127.40,8.07,9.00,行业广告营销均涨0.55%上涨率54%前排32%/4%；强概念AI应用均涨1.16%上涨率63%；主线9/15,74.94,成交额分层12/12；换手1/5；量比1/4；涨跌幅8/8；振幅质量近似1/5；日内位置3/8；尾盘近似4.94/20；历史风险22/22；空间盈亏比13/13；行业广告营销均涨0.55%上涨率54%前排32%/4%；强概念AI应用均涨1.16%上涨率63%；主线9/15；执行条件不足封顶79,备选,成交额高、涨幅未过热、价格区间适合重仓隔夜,17.57-17.83企稳可分批看第一笔,否,今天不追高，只有回踩关键区后重新企稳才看；参考区间：17.57-17.83企稳可分批看第一笔,换手已偏高，若重新跌破昨收17.66附近，短线波动可能加剧,Top31
深交所,深市主板,000070,特发信息,通信设备,广东板块,"军工,深圳特区,核能核电,智能电网,智慧城市,大数据,央国企改革,无人机,5G概念,人工智能,华为概念,特高压,数据中心,抖音概念(字节概念),国资云概念,东数西算,F5G概念,电网概念,通信技术,光纤概念",19.49,2.26,13.87,5.09,8.34,0.54,-443.76,16.91,13.00,行业通信设备均涨1.45%上涨率63%前排23%/32%；强概念国资云概念均涨1.04%上涨率67%；主线13/15,74.78,成交额分层5/12；换手1/5；量比1/4；涨跌幅8/8；振幅质量近似1/5；日内位置6/8；尾盘近似9.78/20；历史风险22/22；空间盈亏比8/13；行业通信设备均涨1.45%上涨率63%前排23%/32%；强概念国资云概念均涨1.04%上涨率67%；主线13/15；执行条件不足封顶79,备选,成交额观察、涨幅未过热、价格区间适合重仓隔夜,19.25-19.44企稳可分批看第一笔,否,今天不追高，只有回踩关键区后重新企稳才看；参考区间：19.25-19.44企稳可分批看第一笔,换手已偏高，若重新跌破昨收19.06附近，短线波动可能加剧,Top32
深交所,深市主板,002203,海亮股份,工业金属,浙江板块,"参股银行,长江三角,小金属概念,固态电池,复合集流体,电池技术",21.58,1.84,14.19,8.64,3.08,1.31,28.36,2.90,4.00,行业工业金属均涨-0.44%上涨率37%前排19%/23%；主线4/15,74.64,成交额分层5/12；换手5/5；量比4/4；涨跌幅8/8；振幅质量近似1/5；日内位置8/8；尾盘近似12.64/20；历史风险22/22；空间盈亏比5/13；行业工业金属均涨-0.44%上涨率37%前排19%/23%；主线4/15；主线不足封顶79；执行条件不足封顶79,备选,成交额观察、换手率适中、涨幅未过热、量比健康、价格区间适合重仓隔夜,21.12-21.49企稳可分批看第一笔,否,今天不追高，只有回踩关键区后重新企稳才看；参考区间：21.12-21.49企稳可分批看第一笔,若跌破日内低点19.96或回踩后持续弱于昨收21.19，应降低仓位预期,Top33
深交所,深市主板,000547,航天发展,军工电子Ⅱ,福建板块,"军工,海工装备,大数据,网络安全,央国企改革,无人机,5G概念,虚拟现实,军民融合,国产芯片,卫星互联网,第三代半导体,商业航天,数据安全,信创,毫米波概念,低空经济,通信技术",25.40,0.40,24.53,3.72,6.02,0.45,-92.15,10.76,13.00,行业军工电子Ⅱ均涨1.24%上涨率70%前排61%/5%；强概念5G概念均涨1.45%上涨率66%；主线13/15,74.48,成交额分层9/12；换手3/5；量比1/4；涨跌幅5/8；振幅质量近似5/5；日内位置1/8；尾盘近似2.48/20；历史风险22/22；空间盈亏比13/13；行业军工电子Ⅱ均涨1.24%上涨率70%前排61%/5%；强概念5G概念均涨1.45%上涨率66%；主线13/15,备选,流动性达标、振幅适中、换手率适中、涨幅未过热、价格区间适合重仓隔夜,25.17-25.35企稳可分批看第一笔,是,可按区间观察第一笔10%，只做试仓；参考区间：25.17-25.35企稳可分批看第一笔,若跌破日内低点25.17或回踩后持续弱于昨收25.30，应降低仓位预期,Top34
深交所,创业板,300209,行云科技,软件开发,湖南板块,"互联网服务,电商概念,国产软件,人工智能,纳米银,跨境电商,算力概念",26.95,3.65,26.00,6.85,13.41,0.78,-283.93,27.88,15.00,行业软件开发均涨1.63%上涨率75%前排12%/2%；强概念互联网服务均涨1.37%上涨率69%；主线15/15,74.34,成交额分层9/12；换手1/5；量比1/4；涨跌幅2/8；振幅质量近似1/5；日内位置6/8；尾盘近似9.34/20；历史风险22/22；空间盈亏比8/13；行业软件开发均涨1.63%上涨率75%前排12%/2%；强概念互联网服务均涨1.37%上涨率69%；主线15/15；执行条件不足封顶79,备选,流动性达标、价格区间适合重仓隔夜,26.33-26.68回踩稳住再看，不追高,否,今天不追高，只有回踩关键区后重新企稳才看；参考区间：26.33-26.68回踩稳住再看，不追高,换手已偏高，若重新跌破昨收26.00附近，短线波动可能加剧,Top35
上交所,科创板,688548,广钢气体,电子化学品Ⅱ,广东板块,"粤港自贸,央国企改革,华为概念,半导体概念,氦气概念,工业气体",33.02,3.93,14.85,8.72,6.57,1.14,118.66,7.15,9.00,行业电子化学品Ⅱ均涨3.02%上涨率73%前排39%/39%；强概念华为概念均涨0.88%上涨率58%；主线9/15,73.73,成交额分层5/12；换手3/5；量比4/4；涨跌幅2/8；振幅质量近似1/5；日内位置8/8；尾盘近似11.73/20；历史风险22/22；空间盈亏比8/13；行业电子化学品Ⅱ均涨3.02%上涨率73%前排39%/39%；强概念华为概念均涨0.88%上涨率58%；主线9/15；执行条件不足封顶79,备选,成交额观察、换手率适中、量比健康、价格区间适合重仓隔夜,32.05-32.60回踩稳住再看，不追高,否,今天不追高，只有回踩关键区后重新企稳才看；参考区间：32.05-32.60回踩稳住再看，不追高,若跌破日内低点30.88或回踩后持续弱于昨收31.77，应降低仓位预期,Top36
上交所,沪市主板,603626,科森科技,消费电子,江苏板块,"特斯拉概念,苹果概念,医疗器械概念,虚拟现实,华为概念,电子烟,无线耳机,储能概念,机器人概念,柔性屏(折叠屏),消费电子概念",26.71,4.54,12.08,9.86,8.25,1.15,9.61,6.51,15.00,行业消费电子均涨1.37%上涨率67%前排14%/25%；强概念无线耳机均涨2.03%上涨率72%；主线15/15,72.68,成交额分层5/12；换手1/5；量比4/4；涨跌幅2/8；振幅质量近似1/5；日内位置6/8；尾盘近似8.68/20；历史风险22/22；空间盈亏比8/13；行业消费电子均涨1.37%上涨率67%前排14%/25%；强概念无线耳机均涨2.03%上涨率72%；主线15/15；执行条件不足封顶79,备选,成交额观察、量比健康、价格区间适合重仓隔夜,25.83-26.33回踩稳住再看，不追高,否,今天不追高，只有回踩关键区后重新企稳才看；参考区间：25.83-26.33回踩稳住再看，不追高,当日涨幅偏高，若跌破24.88附近承接且收不回，不宜追高接力,Top37
上交所,科创板,688249,晶合集成,半导体,安徽板块,"央国企改革,半导体概念",40.90,4.28,33.57,8.26,4.09,1.17,405.21,3.75,11.00,行业半导体均涨0.77%上涨率57%前排14%/16%；强概念半导体概念均涨0.80%上涨率57%；主线11/15,72.44,成交额分层12/12；换手5/5；量比4/4；涨跌幅2/8；振幅质量近似1/5；日内位置1/8；尾盘近似1.44/20；历史风险22/22；空间盈亏比13/13；行业半导体均涨0.77%上涨率57%前排14%/16%；强概念半导体概念均涨0.80%上涨率57%；主线11/15；执行条件不足封顶79,备选,成交额高、换手率适中、量比健康、价格区间适合重仓隔夜,39.77-40.41回踩稳住再看，不追高,否,今天不追高，只有回踩关键区后重新企稳才看；参考区间：39.77-40.41回踩稳住再看，不追高,当日涨幅偏高，若跌破39.26附近承接且收不回，不宜追高接力,Top38
深交所,创业板,300166,东方国信,IT服务Ⅱ,北京板块,"互联网服务,物联网,云计算,海洋经济,智慧城市,大数据,互联网金融,养老概念,国产软件,5G概念,虚拟现实,人工智能,区块链,工业互联,华为概念,边缘计算,数字孪生,数字货币,数据中心,鸿蒙概念,虚拟电厂,碳交易,华为昇腾,元宇宙概念,职业教育,虚拟数字人,数字经济,东数西算,电子身份证,信创,Web3.0,ChatGPT概念,数字水印,MLOps概念,算力概念,数据要素,新型工业化,DeepSeek概念,电网概念,通信技术",19.50,3.34,38.53,8.59,21.13,1.19,-205.42,3.89,15.00,行业IT服务Ⅱ均涨1.41%上涨率65%前排13%/3%；强概念5G概念均涨1.45%上涨率66%；主线15/15,72.20,成交额分层12/12；换手1/5；量比4/4；涨跌幅2/8；振幅质量近似1/5；日内位置1/8；尾盘近似1.2/20；历史风险22/22；空间盈亏比13/13；行业IT服务Ⅱ均涨1.41%上涨率65%前排13%/3%；强概念5G概念均涨1.45%上涨率66%；主线15/15；执行条件不足封顶79,备选,成交额高、量比健康、价格区间适合重仓隔夜,19.32-19.32回踩稳住再看，不追高,否,今天不追高，只有回踩关键区后重新企稳才看；参考区间：19.32-19.32回踩稳住再看，不追高,换手已偏高，若重新跌破昨收18.87附近，短线波动可能加剧,Top39
深交所,深市主板,002472,双环传动,汽车零部件,浙江板块,"创投,铁路基建,特斯拉概念,独角兽,新能源车,机器人概念,减速器,机器人执行器",44.11,3.79,22.76,5.01,6.94,1.66,32.99,3.64,7.00,行业汽车零部件均涨-0.17%上涨率38%前排9%/3%；强概念特斯拉概念均涨0.80%上涨率56%；主线7/15,71.88,成交额分层9/12；换手3/5；量比2/4；涨跌幅2/8；振幅质量近似1/5；日内位置8/8；尾盘近似12.88/20；历史风险22/22；空间盈亏比5/13；行业汽车零部件均涨-0.17%上涨率38%前排9%/3%；强概念特斯拉概念均涨0.80%上涨率56%；主线7/15；主线不足封顶79；执行条件不足封顶79,备选,流动性达标、换手率适中、量比健康、价格区间适合重仓隔夜,43.36-43.79回踩稳住再看，不追高,否,今天不追高，只有回踩关键区后重新企稳才看；参考区间：43.36-43.79回踩稳住再看，不追高,若跌破日内低点42.30或回踩后持续弱于昨收42.50，应降低仓位预期,Top40
深交所,创业板,300398,飞凯材料,电子化学品Ⅱ,上海板块,"新材料,OLED,光刻机(胶),国产芯片,新能源车,半导体概念,中芯概念,第三代半导体,6G概念,IGBT概念,先进封装,光通信模块,存储芯片,高带宽内存,通信技术,光纤概念",38.42,0.63,18.98,4.74,8.79,0.66,41.50,4.32,11.00,行业电子化学品Ⅱ均涨3.02%上涨率73%前排67%/27%；强概念OLED均涨1.46%上涨率62%；主线11/15,71.74,成交额分层5/12；换手1/5；量比1/4；涨跌幅5/8；振幅质量近似3/5；日内位置6/8；尾盘近似9.74/20；历史风险22/22；空间盈亏比8/13；行业电子化学品Ⅱ均涨3.02%上涨率73%前排67%/27%；强概念OLED均涨1.46%上涨率62%；主线11/15；执行条件不足封顶79,备选,成交额观察、涨幅未过热、价格区间适合重仓隔夜,37.97-38.33企稳可分批看第一笔,否,今天不追高，只有回踩关键区后重新企稳才看；参考区间：37.97-38.33企稳可分批看第一笔,换手已偏高，若重新跌破昨收38.18附近，短线波动可能加剧,Top41
深交所,创业板,300322,硕贝德,消费电子,广东板块,"物联网,特斯拉概念,无人机,5G概念,虚拟现实,无人驾驶,小米概念,华为概念,UWB概念,传感器,半导体概念,车联网(车路云),卫星互联网,无线充电,商业航天,6G概念,生物识别,元宇宙概念,机器人概念,毫米波概念,液冷概念,AI眼镜,消费电子概念,通信技术",33.65,2.53,15.96,8.07,10.89,0.92,371.11,15.20,13.00,行业消费电子均涨1.37%上涨率67%前排28%/17%；强概念5G概念均涨1.45%上涨率66%；主线13/15,71.02,成交额分层5/12；换手1/5；量比1/4；涨跌幅5/8；振幅质量近似1/5；日内位置6/8；尾盘近似9.02/20；历史风险22/22；空间盈亏比8/13；行业消费电子均涨1.37%上涨率67%前排28%/17%；强概念5G概念均涨1.45%上涨率66%；主线13/15；执行条件不足封顶79,备选,成交额观察、涨幅未过热、价格区间适合重仓隔夜,32.99-33.52企稳可分批看第一笔,否,今天不追高，只有回踩关键区后重新企稳才看；参考区间：32.99-33.52企稳可分批看第一笔,换手已偏高，若重新跌破昨收32.82附近，短线波动可能加剧,Top42
深交所,创业板,300747,锐科激光,自动化设备,湖北板块,"3D打印,央国企改革,5G概念,国产芯片,新能源车,湖北自贸,商业航天,激光雷达,工业母机,通信技术,光纤概念",38.01,1.99,11.29,6.25,5.63,0.88,127.56,6.20,13.00,行业自动化设备均涨1.95%上涨率67%前排38%/23%；强概念5G概念均涨1.45%上涨率66%；主线13/15,70.94,成交额分层5/12；换手5/5；量比1/4；涨跌幅8/8；振幅质量近似1/5；日内位置1/8；尾盘近似1.94/20；历史风险22/22；空间盈亏比13/13；行业自动化设备均涨1.95%上涨率67%前排38%/23%；强概念5G概念均涨1.45%上涨率66%；主线13/15；执行条件不足封顶79,备选,成交额观察、换手率适中、涨幅未过热、价格区间适合重仓隔夜,37.43-37.89企稳可分批看第一笔,否,今天不追高，只有回踩关键区后重新企稳才看；参考区间：37.43-37.89企稳可分批看第一笔,若跌破日内低点36.96或回踩后持续弱于昨收37.27，应降低仓位预期,Top43
深交所,深市主板,002009,天奇股份,专用设备,江苏板块,"节能环保,锂电池概念,光伏概念,长江三角,风能,特斯拉概念,小金属概念,垃圾分类,新能源车,车联网(车路云),汽车拆解,华为汽车,动力电池回收,机器人概念,人形机器人,电池技术",28.56,1.28,17.38,9.54,17.70,0.93,116.71,5.59,5.00,行业专用设备均涨-0.05%上涨率44%前排26%/5%；强概念特斯拉概念均涨0.80%上涨率56%；主线5/15,70.41,成交额分层5/12；换手1/5；量比1/4；涨跌幅8/8；振幅质量近似1/5；日内位置8/8；尾盘近似11.41/20；历史风险22/22；空间盈亏比8/13；行业专用设备均涨-0.05%上涨率44%前排26%/5%；强概念特斯拉概念均涨0.80%上涨率56%；主线5/15；主线不足封顶79；执行条件不足封顶79,备选,成交额观察、涨幅未过热、价格区间适合重仓隔夜,27.89-28.43企稳可分批看第一笔,否,今天不追高，只有回踩关键区后重新企稳才看；参考区间：27.89-28.43企稳可分批看第一笔,换手已偏高，若重新跌破昨收28.20附近，短线波动可能加剧,Top44
深交所,深市主板,002491,通鼎互联,通信设备,江苏板块,"大数据,网络安全,5G概念,北交所概念,光通信模块,通信技术,光纤概念",23.69,4.87,44.23,9.74,15.71,1.00,142.07,11.56,15.00,行业通信设备均涨1.45%上涨率63%前排11%/17%；强概念5G概念均涨1.45%上涨率66%；主线15/15,70.20,成交额分层12/12；换手1/5；量比2/4；涨跌幅2/8；振幅质量近似1/5；日内位置1/8；尾盘近似1.2/20；历史风险22/22；空间盈亏比13/13；行业通信设备均涨1.45%上涨率63%前排11%/17%；强概念5G概念均涨1.45%上涨率66%；主线15/15；执行条件不足封顶79,备选,成交额高、量比健康、价格区间适合重仓隔夜,22.92-23.36回踩稳住再看，不追高,否,今天不追高，只有回踩关键区后重新企稳才看；参考区间：22.92-23.36回踩稳住再看，不追高,当日涨幅偏高，若跌破22.65附近承接且收不回，不宜追高接力,Top45
上交所,沪市主板,600703,三安光电,光学光电子,湖北板块,"LED概念,光伏概念,苹果概念,蓝宝石,国产芯片,MiniLED,氮化镓,半导体概念,数据中心,MicroLED,第三代半导体,商业航天,汽车芯片,碳化硅,植物照明,光通信模块,荣耀概念,AI眼镜,通信技术",16.18,0.12,46.02,6.56,5.68,0.71,299.01,2.31,11.00,行业光学光电子均涨1.00%上涨率60%前排58%/1%；强概念AI眼镜均涨1.42%上涨率64%；主线11/15,69.80,成交额分层12/12；换手5/5；量比1/4；涨跌幅2/8；振幅质量近似1/5；日内位置1/8；尾盘近似1.8/20；历史风险22/22；空间盈亏比13/13；行业光学光电子均涨1.00%上涨率60%前排58%/1%；强概念AI眼镜均涨1.42%上涨率64%；主线11/15；执行条件不足封顶79,备选,成交额高、换手率适中、价格区间适合重仓隔夜,15.91-16.13企稳可分批看第一笔,否,今天不追高，只有回踩关键区后重新企稳才看；参考区间：15.91-16.13企稳可分批看第一笔,若跌破日内低点15.69或回踩后持续弱于昨收16.16，应降低仓位预期,Top46
深交所,创业板,300655,晶瑞电材,电子化学品Ⅱ,江苏板块,"新材料,锂电池概念,无人驾驶,独角兽,OLED,光刻机(胶),国产芯片,半导体概念,中芯概念,存储芯片,电池技术",16.37,0.61,12.82,4.79,7.34,1.36,656.20,6.82,11.00,行业电子化学品Ⅱ均涨3.02%上涨率73%前排70%/58%；强概念OLED均涨1.46%上涨率62%；主线11/15,69.76,成交额分层5/12；换手3/5；量比4/4；涨跌幅5/8；振幅质量近似3/5；日内位置1/8；尾盘近似2.76/20；历史风险22/22；空间盈亏比13/13；行业电子化学品Ⅱ均涨3.02%上涨率73%前排70%/58%；强概念OLED均涨1.46%上涨率62%；主线11/15；执行条件不足封顶79,备选,成交额观察、换手率适中、涨幅未过热、量比健康、价格区间适合重仓隔夜,16.18-16.33企稳可分批看第一笔,否,今天不追高，只有回踩关键区后重新企稳才看；参考区间：16.18-16.33企稳可分批看第一笔,若跌破日内低点16.00或回踩后持续弱于昨收16.27，应降低仓位预期,Top47
上交所,沪市主板,603985,恒润股份,风电设备,江苏板块,"风能,央国企改革,OLED,东数西算,算力概念,英伟达概念",27.54,1.81,10.41,4.99,8.54,0.92,46.60,3.63,13.00,行业风电设备均涨1.03%上涨率60%前排37%/17%；强概念OLED均涨1.46%上涨率62%；主线13/15,69.55,成交额分层5/12；换手1/5；量比1/4；涨跌幅8/8；振幅质量近似3/5；日内位置1/8；尾盘近似2.55/20；历史风险22/22；空间盈亏比13/13；行业风电设备均涨1.03%上涨率60%前排37%/17%；强概念OLED均涨1.46%上涨率62%；主线13/15；执行条件不足封顶79,备选,成交额观察、涨幅未过热、价格区间适合重仓隔夜,27.20-27.47企稳可分批看第一笔,否,今天不追高，只有回踩关键区后重新企稳才看；参考区间：27.20-27.47企稳可分批看第一笔,换手已偏高，若重新跌破昨收27.05附近，短线波动可能加剧,Top48
深交所,创业板,300762,上海瀚讯,军工电子Ⅱ,上海板块,"军工,国产软件,5G概念,军民融合,国产芯片,卫星互联网,商业航天,通信技术",42.90,0.63,15.19,4.64,5.56,0.71,-152.32,11.85,13.00,行业军工电子Ⅱ均涨1.24%上涨率70%前排54%/11%；强概念5G概念均涨1.45%上涨率66%；主线13/15,69.43,成交额分层5/12；换手5/5；量比1/4；涨跌幅5/8；振幅质量近似3/5；日内位置1/8；尾盘近似1.43/20；历史风险22/22；空间盈亏比13/13；行业军工电子Ⅱ均涨1.24%上涨率70%前排54%/11%；强概念5G概念均涨1.45%上涨率66%；主线13/15；执行条件不足封顶79,备选,成交额观察、换手率适中、涨幅未过热、价格区间适合重仓隔夜,42.60-42.80企稳可分批看第一笔,否,今天不追高，只有回踩关键区后重新企稳才看；参考区间：42.60-42.80企稳可分批看第一笔,若跌破日内低点42.60或回踩后持续弱于昨收42.63，应降低仓位预期,Top49
深交所,创业板,300364,中文在线,数字媒体,北京板块,"在线教育,虚拟现实,人工智能,区块链,知识产权,百度概念,影视概念,华为概念,抖音概念(字节概念),盲盒经济,数字阅读,快手概念,元宇宙概念,虚拟数字人,Web3.0,AIGC概念,数据确权,ChatGPT概念,数据要素,短剧互动游戏,多模态AI,Kimi概念,AI语料,谷子经济,DeepSeek概念,AI应用,新消费,文娱消费",28.04,0.50,11.42,3.80,6.19,0.67,-111.43,80.92,11.00,行业数字媒体均涨1.70%上涨率62%前排46%/15%；强概念DeepSeek概念均涨1.18%上涨率62%；主线11/15,69.38,成交额分层5/12；换手3/5；量比1/4；涨跌幅5/8；振幅质量近似5/5；日内位置1/8；尾盘近似3.38/20；历史风险22/22；空间盈亏比13/13；行业数字媒体均涨1.70%上涨率62%前排46%/15%；强概念DeepSeek概念均涨1.18%上涨率62%；主线11/15,备选,成交额观察、振幅适中、换手率适中、涨幅未过热、价格区间适合重仓隔夜,27.77-27.99企稳可分批看第一笔,是,可按区间观察第一笔10%，只做试仓；参考区间：27.77-27.99企稳可分批看第一笔,若跌破日内低点27.50或回踩后持续弱于昨收27.90，应降低仓位预期,Top50
上交所,沪市主板,600460,士兰微,半导体,浙江板块,"LED概念,长江三角,智能穿戴,OLED,国产芯片,氮化镓,半导体概念,第三代半导体,碳化硅,IGBT概念,消费电子概念",31.05,0.32,18.16,3.30,3.52,0.69,61.85,4.24,9.00,行业半导体均涨0.77%上涨率57%前排50%/34%；强概念OLED均涨1.46%上涨率62%；主线9/15,69.33,成交额分层5/12；换手5/5；量比1/4；涨跌幅5/8；振幅质量近似5/5；日内位置3/8；尾盘近似6.33/20；历史风险22/22；空间盈亏比8/13；行业半导体均涨0.77%上涨率57%前排50%/34%；强概念OLED均涨1.46%上涨率62%；主线9/15,备选,成交额观察、振幅适中、换手率适中、涨幅未过热、价格区间适合重仓隔夜,30.80-31.00企稳可分批看第一笔,是,可按区间观察第一笔10%，只做试仓；参考区间：30.80-31.00企稳可分批看第一笔,若跌破日内低点30.43或回踩后持续弱于昨收30.95，应降低仓位预期,Top51
上交所,沪市主板,601898,中煤能源,煤炭开采,北京板块,"煤化工概念,央国企改革",17.41,3.57,10.53,5.18,0.67,1.54,15.01,1.41,8.00,行业煤炭开采均涨2.62%上涨率92%前排32%/16%；主线8/15,69.09,成交额分层5/12；换手1/5；量比4/4；涨跌幅2/8；振幅质量近似1/5；日内位置8/8；尾盘近似13.09/20；历史风险22/22；空间盈亏比5/13；行业煤炭开采均涨2.62%上涨率92%前排32%/16%；主线8/15；执行条件不足封顶79,备选,成交额观察、量比健康、价格区间适合重仓隔夜,17.11-17.28回踩稳住再看，不追高,否,今天不追高，只有回踩关键区后重新企稳才看；参考区间：17.11-17.28回踩稳住再看，不追高,若跌破日内低点16.63或回踩后持续弱于昨收16.81，应降低仓位预期,Top52
上交所,沪市主板,601958,金钼股份,小金属,陕西板块,"军工,稀缺资源,西部大开发,央国企改革,小金属概念,OLED",21.56,2.47,12.13,9.22,1.77,0.88,19.29,3.51,11.00,行业小金属均涨0.70%上涨率58%前排21%/46%；强概念OLED均涨1.46%上涨率62%；主线11/15,68.80,成交额分层5/12；换手1/5；量比1/4；涨跌幅5/8；振幅质量近似1/5；日内位置6/8；尾盘近似8.8/20；历史风险22/22；空间盈亏比8/13；行业小金属均涨0.70%上涨率58%前排21%/46%；强概念OLED均涨1.46%上涨率62%；主线11/15；执行条件不足封顶79,备选,成交额观察、涨幅未过热、价格区间适合重仓隔夜,21.07-21.46企稳可分批看第一笔,否,今天不追高，只有回踩关键区后重新企稳才看；参考区间：21.07-21.46企稳可分批看第一笔,若跌破日内低点20.15或回踩后持续弱于昨收21.04，应降低仓位预期,Top53
深交所,深市主板,000559,万向钱潮,汽车零部件,浙江板块,"新材料,锂电池概念,长江三角,工业互联,新能源车,固态电池,机器人概念,小米汽车,低空经济,并购重组概念,人形机器人,电池技术",18.18,3.89,36.65,10.69,6.13,1.74,61.05,7.43,7.00,行业汽车零部件均涨-0.17%上涨率38%前排8%/1%；强概念工业互联均涨1.03%上涨率60%；主线7/15,68.60,成交额分层12/12；换手3/5；量比2/4；涨跌幅2/8；振幅质量近似1/5；日内位置3/8；尾盘近似3.6/20；历史风险22/22；空间盈亏比13/13；行业汽车零部件均涨-0.17%上涨率38%前排8%/1%；强概念工业互联均涨1.03%上涨率60%；主线7/15；主线不足封顶79；执行条件不足封顶79,备选,成交额高、换手率适中、量比健康、价格区间适合重仓隔夜,17.53-17.90回踩稳住再看，不追高,否,今天不追高，只有回踩关键区后重新企稳才看；参考区间：17.53-17.90回踩稳住再看，不追高,若跌破日内低点17.11或回踩后持续弱于昨收17.50，应降低仓位预期,Top54
深交所,创业板,300499,高澜股份,专用设备,广东板块,"军工,节能环保,风能,阿里概念,充电桩,一带一路,新能源车,特高压,抖音概念(字节概念),储能概念,汽车热管理,液冷概念,可控核聚变,电网概念",43.98,1.97,15.45,6.07,12.97,0.81,221.67,9.64,9.00,行业专用设备均涨-0.05%上涨率44%前排18%/6%；强概念充电桩均涨1.20%上涨率66%；主线9/15,68.16,成交额分层5/12；换手1/5；量比1/4；涨跌幅8/8；振幅质量近似1/5；日内位置3/8；尾盘近似5.16/20；历史风险22/22；空间盈亏比13/13；行业专用设备均涨-0.05%上涨率44%前排18%/6%；强概念充电桩均涨1.20%上涨率66%；主线9/15；执行条件不足封顶79,备选,成交额观察、涨幅未过热、价格区间适合重仓隔夜,43.32-43.85企稳可分批看第一笔,否,今天不追高，只有回踩关键区后重新企稳才看；参考区间：43.32-43.85企稳可分批看第一笔,换手已偏高，若重新跌破昨收43.13附近，短线波动可能加剧,Top55
上交所,沪市主板,601698,中国卫通,航天装备Ⅱ,北京板块,"北斗导航,央国企改革,一带一路,卫星互联网,商业航天,低空经济",35.47,1.08,15.82,4.13,1.05,0.56,1395.59,9.38,11.00,行业航天装备Ⅱ均涨1.48%上涨率89%前排67%/44%；强概念卫星互联网均涨1.62%上涨率72%；主线11/15,67.97,成交额分层5/12；换手1/5；量比1/4；涨跌幅8/8；振幅质量近似3/5；日内位置1/8；尾盘近似2.97/20；历史风险22/22；空间盈亏比13/13；行业航天装备Ⅱ均涨1.48%上涨率89%前排67%/44%；强概念卫星互联网均涨1.62%上涨率72%；主线11/15,备选,成交额观察、振幅适中、涨幅未过热、价格区间适合重仓隔夜,35.11-35.40企稳可分批看第一笔,观察后决定,先观察承接与回收，再决定是否试10%；参考区间：35.11-35.40企稳可分批看第一笔,若跌破日内低点34.83或回踩后持续弱于昨收35.09，应降低仓位预期,Top56
深交所,创业板,300199,翰宇药业,化学制药,广东板块,"深圳特区,互联医疗,华为概念,工业大麻,医美概念,流感,辅助生殖,幽门螺杆菌概念,肝炎概念,创新药,减肥药,AI制药（医疗）,合成生物,新消费,病原体防治",24.31,4.07,18.80,6.51,10.55,1.13,42.00,28.95,7.00,行业化学制药均涨-1.46%上涨率18%前排1%/1%；强概念华为概念均涨0.88%上涨率58%；主线7/15,67.82,成交额分层5/12；换手1/5；量比4/4；涨跌幅2/8；振幅质量近似1/5；日内位置8/8；尾盘近似12.82/20；历史风险22/22；空间盈亏比5/13；行业化学制药均涨-1.46%上涨率18%前排1%/1%；强概念华为概念均涨0.88%上涨率58%；主线7/15；主线不足封顶79；执行条件不足封顶79,备选,成交额观察、量比健康、价格区间适合重仓隔夜,23.78-24.08回踩稳住再看，不追高,否,今天不追高，只有回踩关键区后重新企稳才看；参考区间：23.78-24.08回踩稳住再看，不追高,当日涨幅偏高，若跌破22.98附近承接且收不回，不宜追高接力,Top57
上交所,沪市主板,600552,凯盛科技,光学光电子,安徽板块,"新材料,央国企改革,OLED,华为概念,3D玻璃,半导体概念,固态电池,柔性屏(折叠屏),玻璃基板,电池技术",18.01,3.27,16.90,8.43,10.03,0.95,152.34,3.94,13.00,行业光学光电子均涨1.00%上涨率60%前排16%/16%；强概念OLED均涨1.46%上涨率62%；主线13/15,67.71,成交额分层5/12；换手1/5；量比1/4；涨跌幅2/8；振幅质量近似1/5；日内位置6/8；尾盘近似8.71/20；历史风险22/22；空间盈亏比8/13；行业光学光电子均涨1.00%上涨率60%前排16%/16%；强概念OLED均涨1.46%上涨率62%；主线13/15；执行条件不足封顶79,备选,成交额观察、价格区间适合重仓隔夜,17.50-17.79回踩稳住再看，不追高,否,今天不追高，只有回踩关键区后重新企稳才看；参考区间：17.50-17.79回踩稳住再看，不追高,换手已偏高，若重新跌破昨收17.44附近，短线波动可能加剧,Top58
上交所,沪市主板,600989,宝丰能源,化学原料,宁夏板块,"煤化工概念,西部大开发,氢能源",29.23,2.63,29.66,5.23,1.39,1.19,14.64,4.37,4.00,行业化学原料均涨-0.92%上涨率27%前排11%/2%；主线4/15,67.69,成交额分层9/12；换手1/5；量比4/4；涨跌幅5/8；振幅质量近似1/5；日内位置3/8；尾盘近似5.69/20；历史风险22/22；空间盈亏比13/13；行业化学原料均涨-0.92%上涨率27%前排11%/2%；主线4/15；主线不足封顶79；执行条件不足封顶79,备选,流动性达标、涨幅未过热、量比健康、价格区间适合重仓隔夜,28.86-29.16企稳可分批看第一笔,否,今天不追高，只有回踩关键区后重新企稳才看；参考区间：28.86-29.16企稳可分批看第一笔,若跌破日内低点28.31或回踩后持续弱于昨收28.48，应降低仓位预期,Top59
深交所,深市主板,000688,国城矿业,工业金属,四川板块,"稀缺资源,黄金概念,西部大开发,小金属概念,钛白粉概念,锂矿概念",41.49,2.72,11.51,7.13,2.38,0.80,34.80,17.27,5.00,行业工业金属均涨-0.44%上涨率37%前排9%/30%；强概念稀缺资源均涨0.53%上涨率50%；主线5/15,67.67,成交额分层5/12；换手3/5；量比1/4；涨跌幅5/8；振幅质量近似1/5；日内位置8/8；尾盘近似12.67/20；历史风险22/22；空间盈亏比5/13；行业工业金属均涨-0.44%上涨率37%前排9%/30%；强概念稀缺资源均涨0.53%上涨率50%；主线5/15；主线不足封顶79；执行条件不足封顶79,备选,成交额观察、换手率适中、涨幅未过热、价格区间适合重仓隔夜,40.77-41.35企稳可分批看第一笔,否,今天不追高，只有回踩关键区后重新企稳才看；参考区间：40.77-41.35企稳可分批看第一笔,若跌破日内低点39.00或回踩后持续弱于昨收40.39，应降低仓位预期,Top60
深交所,深市主板,000811,冰轮环境,通用设备,山东板块,"节能环保,创投,核能核电,地热能,海洋经济,燃料电池概念,央国企改革,体育产业,冷链物流,氢能源,数据中心,氦气概念,碳交易,东数西算,中俄贸易概念,空气能热泵,熔盐储能,液冷概念,可控核聚变,冰雪经济,雅下水电概念,电池技术",34.60,4.47,17.79,6.37,5.40,0.93,73.24,5.26,9.00,行业通用设备均涨0.02%上涨率46%前排9%/5%；强概念东数西算均涨1.72%上涨率73%；主线9/15,67.57,成交额分层5/12；换手5/5；量比1/4；涨跌幅2/8；振幅质量近似1/5；日内位置8/8；尾盘近似13.57/20；历史风险22/22；空间盈亏比1/13；行业通用设备均涨0.02%上涨率46%前排9%/5%；强概念东数西算均涨1.72%上涨率73%；主线9/15；执行条件不足封顶79,备选,成交额观察、换手率适中、价格区间适合重仓隔夜,33.86-34.28回踩稳住再看，不追高,否,今天不追高，只有回踩关键区后重新企稳才看；参考区间：33.86-34.28回踩稳住再看，不追高,当日涨幅偏高，若跌破32.50附近承接且收不回，不宜追高接力,Top61
上交所,沪市主板,603005,XD晶方科,半导体,江苏板块,"5G概念,增强现实,华为概念,光刻机(胶),国产芯片,3D摄像头,传感器,氮化镓,半导体概念,第三代半导体,汽车芯片,生物识别,先进封装,高带宽内存,玻璃基板,通信技术",33.03,0.64,14.19,3.56,6.59,0.77,82.30,4.62,9.00,行业半导体均涨0.77%上涨率57%前排44%/44%；强概念高带宽内存均涨1.87%上涨率67%；主线9/15,67.23,成交额分层5/12；换手3/5；量比1/4；涨跌幅5/8；振幅质量近似5/5；日内位置3/8；尾盘近似6.23/20；历史风险22/22；空间盈亏比8/13；行业半导体均涨0.77%上涨率57%前排44%/44%；强概念高带宽内存均涨1.87%上涨率67%；主线9/15,备选,成交额观察、振幅适中、换手率适中、涨幅未过热、价格区间适合重仓隔夜,32.74-32.97企稳可分批看第一笔,是,可按区间观察第一笔10%，只做试仓；参考区间：32.74-32.97企稳可分批看第一笔,若跌破日内低点32.32或回踩后持续弱于昨收32.82，应降低仓位预期,Top62
上交所,沪市主板,600673,东阳光,综合Ⅱ,广东板块,"新材料,成渝特区,锂电池概念,氟化工概念,华为概念,数据中心,储能概念,PVDF概念,东数西算,机器人概念,液冷概念,锂矿概念,人形机器人,电池技术",36.63,0.33,21.39,3.67,1.93,0.48,231.06,11.10,7.00,行业综合Ⅱ均涨-0.45%上涨率44%前排31%/6%；强概念数据中心均涨1.05%上涨率64%；主线7/15,67.04,成交额分层9/12；换手1/5；量比1/4；涨跌幅5/8；振幅质量近似5/5；日内位置1/8；尾盘近似3.04/20；历史风险22/22；空间盈亏比13/13；行业综合Ⅱ均涨-0.45%上涨率44%前排31%/6%；强概念数据中心均涨1.05%上涨率64%；主线7/15；主线不足封顶79,备选,流动性达标、振幅适中、涨幅未过热、价格区间适合重仓隔夜,36.30-36.56企稳可分批看第一笔,观察后决定,先观察承接与回收，再决定是否试10%；参考区间：36.30-36.56企稳可分批看第一笔,若跌破日内低点36.10或回踩后持续弱于昨收36.51，应降低仓位预期,Top63
上交所,科创板,688208,道通科技,计算机设备,广东板块,"深圳特区,充电桩,人工智能,无人驾驶,胎压监测,传感器,机器人概念,高压快充,DeepSeek概念",39.96,4.06,10.00,7.29,3.68,0.94,34.40,7.60,15.00,行业计算机设备均涨1.22%上涨率69%前排11%/14%；强概念DeepSeek概念均涨1.18%上涨率62%；主线15/15,66.68,成交额分层5/12；换手5/5；量比1/4；涨跌幅2/8；振幅质量近似1/5；日内位置1/8；尾盘近似1.68/20；历史风险22/22；空间盈亏比13/13；行业计算机设备均涨1.22%上涨率69%前排11%/14%；强概念DeepSeek概念均涨1.18%上涨率62%；主线15/15；执行条件不足封顶79,备选,成交额观察、换手率适中、价格区间适合重仓隔夜,38.98-39.54回踩稳住再看，不追高,否,今天不追高，只有回踩关键区后重新企稳才看；参考区间：38.98-39.54回踩稳住再看，不追高,当日涨幅偏高，若跌破38.62附近承接且收不回，不宜追高接力,Top64
上交所,沪市主板,600188,兖矿能源,煤炭开采,山东板块,"煤化工概念,稀缺资源,参股期货,参股银行,央国企改革",22.04,4.21,16.22,5.96,1.26,1.40,13.98,2.89,9.00,行业煤炭开采均涨2.62%上涨率92%前排24%/8%；强概念稀缺资源均涨0.53%上涨率50%；主线9/15,66.46,成交额分层5/12；换手1/5；量比4/4；涨跌幅2/8；振幅质量近似1/5；日内位置8/8；尾盘近似13.46/20；历史风险22/22；空间盈亏比1/13；行业煤炭开采均涨2.62%上涨率92%前排24%/8%；强概念稀缺资源均涨0.53%上涨率50%；主线9/15；执行条件不足封顶79,备选,成交额观察、量比健康、价格区间适合重仓隔夜,21.60-21.85回踩稳住再看，不追高,否,今天不追高，只有回踩关键区后重新企稳才看；参考区间：21.60-21.85回踩稳住再看，不追高,当日涨幅偏高，若跌破20.81附近承接且收不回，不宜追高接力,Top65
深交所,创业板,300444,双杰电气,电网设备,北京板块,"智能电网,光伏概念,风能,充电桩,华为概念,新能源车,数据中心,虚拟电厂,换电概念,储能概念,机器人概念,高压快充,电网概念",16.22,1.38,10.37,6.44,10.22,0.54,11.50,6.30,13.00,行业电网设备均涨1.45%上涨率69%前排37%/15%；强概念智能电网均涨1.56%上涨率69%；主线13/15,66.20,成交额分层5/12；换手1/5；量比1/4；涨跌幅8/8；振幅质量近似1/5；日内位置1/8；尾盘近似1.2/20；历史风险22/22；空间盈亏比13/13；行业电网设备均涨1.45%上涨率69%前排37%/15%；强概念智能电网均涨1.56%上涨率69%；主线13/15；执行条件不足封顶79,备选,成交额观察、涨幅未过热、价格区间适合重仓隔夜,15.96-16.17企稳可分批看第一笔,否,今天不追高，只有回踩关键区后重新企稳才看；参考区间：15.96-16.17企稳可分批看第一笔,换手已偏高，若重新跌破昨收16.00附近，短线波动可能加剧,Top66
深交所,创业板,300065,海兰信,航海装备Ⅱ,北京板块,"军工,海工装备,海洋经济,大数据,京津冀,阿里概念,航母概念,船舶制造,人工智能,数据中心,商业航天,算力概念,数据要素,液冷概念,并购重组概念",25.16,4.92,24.97,4.92,14.93,1.35,2701.53,10.33,9.00,行业航海装备Ⅱ均涨-0.59%上涨率30%前排10%/20%；强概念数据中心均涨1.05%上涨率64%；主线9/15,66.04,成交额分层9/12；换手1/5；量比4/4；涨跌幅2/8；振幅质量近似3/5；日内位置1/8；尾盘近似2.04/20；历史风险22/22；空间盈亏比13/13；行业航海装备Ⅱ均涨-0.59%上涨率30%前排10%/20%；强概念数据中心均涨1.05%上涨率64%；主线9/15；执行条件不足封顶79,备选,流动性达标、量比健康、价格区间适合重仓隔夜,24.80-24.98回踩稳住再看，不追高,否,今天不追高，只有回踩关键区后重新企稳才看；参考区间：24.80-24.98回踩稳住再看，不追高,当日涨幅偏高，若跌破24.80附近承接且收不回，不宜追高接力,Top67
上交所,沪市主板,600406,国电南瑞,电网设备,江苏板块,"新能源,节能环保,核能核电,智能电网,光伏概念,央国企改革,充电桩,量子科技,一带一路,PPP模式,国产芯片,半导体概念,特高压,车联网(车路云),数据中心,虚拟电厂,换电概念,储能概念,抽水蓄能,IGBT概念,电网概念",26.49,0.04,21.46,1.89,1.01,0.40,73.74,3.98,13.00,行业电网设备均涨1.45%上涨率69%前排69%/6%；强概念国产芯片均涨1.06%上涨率64%；主线13/15,65.81,成交额分层9/12；换手1/5；量比1/4；涨跌幅2/8；振幅质量近似3/5；日内位置3/8；尾盘近似6.81/20；历史风险22/22；空间盈亏比5/13；行业电网设备均涨1.45%上涨率69%前排69%/6%；强概念国产芯片均涨1.06%上涨率64%；主线13/15,备选,流动性达标、振幅适中、价格区间适合重仓隔夜,26.36-26.46企稳可分批看第一笔,观察后决定,先观察承接与回收，再决定是否试10%；参考区间：26.36-26.46企稳可分批看第一笔,若跌破日内低点26.20或回踩后持续弱于昨收26.48，应降低仓位预期,Top68
深交所,创业板,300480,光力科技,专用设备,河南板块,"节能环保,物联网,华为概念,传感器,半导体概念,碳化硅,工业母机",39.38,1.23,11.69,7.38,11.01,0.84,115.60,8.33,7.00,行业专用设备均涨-0.05%上涨率44%前排27%/8%；强概念物联网均涨1.42%上涨率68%；主线7/15,65.79,成交额分层5/12；换手1/5；量比1/4；涨跌幅8/8；振幅质量近似1/5；日内位置3/8；尾盘近似4.79/20；历史风险22/22；空间盈亏比13/13；行业专用设备均涨-0.05%上涨率44%前排27%/8%；强概念物联网均涨1.42%上涨率68%；主线7/15；主线不足封顶79；执行条件不足封顶79,备选,成交额观察、涨幅未过热、价格区间适合重仓隔夜,38.66-39.24企稳可分批看第一笔,否,今天不追高，只有回踩关键区后重新企稳才看；参考区间：38.66-39.24企稳可分批看第一笔,换手已偏高，若重新跌破昨收38.90附近，短线波动可能加剧,Top69
深交所,深市主板,002922,伊戈尔,其他电子Ⅱ,广东板块,"光伏概念,充电桩,华为概念,新能源车,数据中心,被动元件概念,储能概念,高压快充",42.83,1.23,11.42,5.32,7.07,0.90,66.07,4.78,9.00,行业其他电子Ⅱ均涨1.05%上涨率58%前排39%/27%；强概念充电桩均涨1.20%上涨率66%；主线9/15,65.70,成交额分层5/12；换手3/5；量比1/4；涨跌幅8/8；振幅质量近似1/5；日内位置1/8；尾盘近似2.7/20；历史风险22/22；空间盈亏比13/13；行业其他电子Ⅱ均涨1.05%上涨率58%前排39%/27%；强概念充电桩均涨1.20%上涨率66%；主线9/15；执行条件不足封顶79,备选,成交额观察、换手率适中、涨幅未过热、价格区间适合重仓隔夜,42.27-42.72企稳可分批看第一笔,否,今天不追高，只有回踩关键区后重新企稳才看；参考区间：42.27-42.72企稳可分批看第一笔,若跌破日内低点41.68或回踩后持续弱于昨收42.31，应降低仓位预期,Top70
深交所,深市主板,002361,神剑股份,塑料,安徽板块,"军工,北斗导航,央国企改革,军民融合,商业航天,磁悬浮概念,机器人概念,低空经济,碳纤维",18.91,0.00,30.58,7.62,19.94,0.74,-853.47,8.21,5.00,行业塑料均涨0.18%上涨率46%前排51%/1%；强概念商业航天均涨0.80%上涨率56%；主线5/15,64.57,成交额分层12/12；换手1/5；量比1/4；涨跌幅2/8；振幅质量近似1/5；日内位置3/8；尾盘近似4.57/20；历史风险22/22；空间盈亏比13/13；行业塑料均涨0.18%上涨率46%前排51%/1%；强概念商业航天均涨0.80%上涨率56%；主线5/15；主线不足封顶79；执行条件不足封顶79,备选,成交额高、价格区间适合重仓隔夜,18.55-18.84企稳可分批看第一笔,否,今天不追高，只有回踩关键区后重新企稳才看；参考区间：18.55-18.84企稳可分批看第一笔,换手已偏高，若重新跌破昨收18.91附近，短线波动可能加剧,Top71
上交所,沪市主板,603698,航天工程,专用设备,北京板块,"煤化工概念,节能环保,央国企改革,军民融合,氢能源,碳交易,工业气体",39.80,2.74,10.75,9.37,4.97,0.85,130.19,6.06,9.00,行业专用设备均涨-0.05%上涨率44%前排13%/8%；强概念碳交易均涨1.03%上涨率63%；主线9/15,63.20,成交额分层5/12；换手5/5；量比1/4；涨跌幅5/8；振幅质量近似1/5；日内位置1/8；尾盘近似1.2/20；历史风险22/22；空间盈亏比13/13；行业专用设备均涨-0.05%上涨率44%前排13%/8%；强概念碳交易均涨1.03%上涨率63%；主线9/15；执行条件不足封顶79,备选,成交额观察、换手率适中、涨幅未过热、价格区间适合重仓隔夜,38.89-39.62企稳可分批看第一笔,否,今天不追高，只有回踩关键区后重新企稳才看；参考区间：38.89-39.62企稳可分批看第一笔,若跌破日内低点38.20或回踩后持续弱于昨收38.74，应降低仓位预期,Top72
上交所,科创板,688102,斯瑞新材,金属新材料,陕西板块,"新材料,西部大开发,充电桩,商业航天,CPO概念,可控核聚变,通信技术",43.08,3.14,11.71,8.67,3.45,0.96,194.41,17.15,9.00,行业金属新材料均涨1.75%上涨率48%前排18%/12%；强概念通信技术均涨1.40%上涨率66%；主线9/15,63.20,成交额分层5/12；换手5/5；量比1/4；涨跌幅5/8；振幅质量近似1/5；日内位置1/8；尾盘近似1.2/20；历史风险22/22；空间盈亏比13/13；行业金属新材料均涨1.75%上涨率48%前排18%/12%；强概念通信技术均涨1.40%上涨率66%；主线9/15；执行条件不足封顶79,备选,成交额观察、换手率适中、涨幅未过热、价格区间适合重仓隔夜,41.81-42.54回踩稳住再看，不追高,否,今天不追高，只有回踩关键区后重新企稳才看；参考区间：41.81-42.54回踩稳住再看，不追高,若跌破日内低点41.66或回踩后持续弱于昨收41.77，应降低仓位预期,Top73
上交所,沪市主板,600938,中国海油,油气开采Ⅱ,,"新能源,风能,油气设服,央国企改革,天然气,绿色电力,油气资源",36.90,1.07,17.15,1.84,1.55,1.18,11.20,2.10,7.00,行业油气开采Ⅱ均涨1.49%上涨率67%前排67%/33%；强概念油气设服均涨1.26%上涨率65%；主线7/15,63.00,成交额分层5/12；换手1/5；量比4/4；涨跌幅8/8；振幅质量近似3/5；日内位置1/8；尾盘近似4.0/20；历史风险22/22；空间盈亏比8/13；行业油气开采Ⅱ均涨1.49%上涨率67%前排67%/33%；强概念油气设服均涨1.26%上涨率65%；主线7/15；主线不足封顶79,备选,成交额观察、振幅适中、涨幅未过热、量比健康、价格区间适合重仓隔夜,36.73-36.87企稳可分批看第一笔,观察后决定,先观察承接与回收，再决定是否试10%；参考区间：36.73-36.87企稳可分批看第一笔,若跌破日内低点36.68或回踩后持续弱于昨收36.51，应降低仓位预期,Top74
上交所,沪市主板,600999,招商证券,证券Ⅱ,广东板块,"深圳特区,互联网金融,央国企改革,券商概念,蚂蚁概念,科创板做市商",16.18,2.47,15.51,2.79,1.29,1.93,10.76,1.13,5.00,行业证券Ⅱ均涨-0.19%上涨率24%前排4%/8%；强概念深圳特区均涨0.81%上涨率53%；主线5/15,61.50,成交额分层5/12；换手1/5；量比1/4；涨跌幅5/8；振幅质量近似5/5；日内位置1/8；尾盘近似3.5/20；历史风险22/22；空间盈亏比13/13；行业证券Ⅱ均涨-0.19%上涨率24%前排4%/8%；强概念深圳特区均涨0.81%上涨率53%；主线5/15；主线不足封顶79,备选,成交额观察、振幅适中、涨幅未过热、价格区间适合重仓隔夜,16.07-16.16企稳可分批看第一笔,观察后决定,先观察承接与回收，再决定是否试10%；参考区间：16.07-16.16企稳可分批看第一笔,若跌破日内低点16.02或回踩后持续弱于昨收15.79，应降低仓位预期,Top75
深交所,深市主板,002407,多氟多,化学制品,河南板块,"创投,化工原料,新材料,锂电池概念,特斯拉概念,氟化工概念,独角兽,新能源车,半导体概念,固态电池,钠离子电池,储能概念,PVDF概念,电池技术",37.79,3.62,110.22,6.83,26.86,2.47,29.95,5.27,7.00,行业化学制品均涨-0.35%上涨率37%前排9%/1%；强概念特斯拉概念均涨0.80%上涨率56%；主线7/15,61.20,成交额分层12/12；换手1/5；量比1/4；涨跌幅2/8；振幅质量近似1/5；日内位置1/8；尾盘近似1.2/20；历史风险22/22；空间盈亏比13/13；行业化学制品均涨-0.35%上涨率37%前排9%/1%；强概念特斯拉概念均涨0.80%上涨率56%；主线7/15；主线不足封顶79；执行条件不足封顶79,备选,成交额高、价格区间适合重仓隔夜,37.22-37.42回踩稳住再看，不追高,否,今天不追高，只有回踩关键区后重新企稳才看；参考区间：37.22-37.42回踩稳住再看，不追高,换手已偏高，若重新跌破昨收36.47附近，短线波动可能加剧,Top76
深交所,创业板,300059,东方财富,证券Ⅱ,上海板块,"互联网服务,参股期货,长江三角,大数据,互联网金融,国产软件,券商概念,人工智能,区块链,网红经济,鸿蒙概念,AIGC概念,数据要素,虚拟机器人,AI应用",19.77,0.20,43.81,2.28,1.66,0.52,20.90,3.32,7.00,行业证券Ⅱ均涨-0.19%上涨率24%前排20%/2%；强概念互联网服务均涨1.37%上涨率69%；主线7/15,61.00,成交额分层12/12；换手1/5；量比1/4；涨跌幅2/8；振幅质量近似3/5；日内位置1/8；尾盘近似4.0/20；历史风险22/22；空间盈亏比8/13；行业证券Ⅱ均涨-0.19%上涨率24%前排20%/2%；强概念互联网服务均涨1.37%上涨率69%；主线7/15；主线不足封顶79,备选,成交额高、振幅适中、价格区间适合重仓隔夜,19.66-19.75企稳可分批看第一笔,观察后决定,先观察承接与回收，再决定是否试10%；参考区间：19.66-19.75企稳可分批看第一笔,若跌破日内低点19.56或回踩后持续弱于昨收19.73，应降低仓位预期,Top77
上交所,沪市主板,600367,红星发展,化学原料,贵州板块,"稀缺资源,锂电池概念,西部大开发,央国企改革,小金属概念,固态电池,玻璃基板,电池技术",25.89,3.77,10.47,8.42,12.62,1.06,77.07,3.55,7.00,行业化学原料均涨-0.92%上涨率27%前排7%/9%；强概念玻璃基板均涨0.88%上涨率65%；主线7/15,60.64,成交额分层5/12；换手1/5；量比2/4；涨跌幅2/8；振幅质量近似1/5；日内位置3/8；尾盘近似4.64/20；历史风险22/22；空间盈亏比13/13；行业化学原料均涨-0.92%上涨率27%前排7%/9%；强概念玻璃基板均涨0.88%上涨率65%；主线7/15；主线不足封顶79；执行条件不足封顶79,备选,成交额观察、量比健康、价格区间适合重仓隔夜,25.16-25.57回踩稳住再看，不追高,否,今天不追高，只有回踩关键区后重新企稳才看；参考区间：25.16-25.57回踩稳住再看，不追高,换手已偏高，若重新跌破昨收24.95附近，短线波动可能加剧,Top78
上交所,沪市主板,600343,航天动力,通用设备,陕西板块,"军工,西部大开发,水利建设,央国企改革,军民融合,氢能源",35.40,0.37,11.08,4.42,4.88,0.48,-254.04,17.74,3.00,行业通用设备均涨0.02%上涨率46%前排39%/10%；强概念水利建设均涨0.59%上涨率50%；主线3/15,60.48,成交额分层5/12；换手5/5；量比1/4；涨跌幅5/8；振幅质量近似3/5；日内位置1/8；尾盘近似2.48/20；历史风险22/22；空间盈亏比13/13；行业通用设备均涨0.02%上涨率46%前排39%/10%；强概念水利建设均涨0.59%上涨率50%；主线3/15；主线不足封顶79,备选,成交额观察、振幅适中、换手率适中、涨幅未过热、价格区间适合重仓隔夜,35.01-35.32企稳可分批看第一笔,是,可按区间观察第一笔10%，只做试仓；参考区间：35.01-35.32企稳可分批看第一笔,若跌破日内低点34.83或回踩后持续弱于昨收35.27，应降低仓位预期,Top79
上交所,沪市主板,600206,有研新材,半导体,北京板块,"新能源,新材料,稀土永磁,3D打印,医疗器械概念,央国企改革,小金属概念,5G概念,OLED,华为概念,国产芯片,传感器,半导体概念,尾气治理,中芯概念,存储芯片,通信技术",30.62,0.13,24.23,5.26,9.19,0.70,73.41,5.97,9.00,行业半导体均涨0.77%上涨率57%前排56%/28%；强概念OLED均涨1.46%上涨率62%；主线9/15,60.46,成交额分层9/12；换手1/5；量比1/4；涨跌幅2/8；振幅质量近似1/5；日内位置1/8；尾盘近似1.46/20；历史风险22/22；空间盈亏比13/13；行业半导体均涨0.77%上涨率57%前排56%/28%；强概念OLED均涨1.46%上涨率62%；主线9/15；执行条件不足封顶79,备选,流动性达标、价格区间适合重仓隔夜,30.22-30.54企稳可分批看第一笔,否,今天不追高，只有回踩关键区后重新企稳才看；参考区间：30.22-30.54企稳可分批看第一笔,换手已偏高，若重新跌破昨收30.58附近，短线波动可能加剧,Top80
上交所,沪市主板,600353,旭光电子,其他电子Ⅱ,四川板块,"军工,新材料,成渝特区,西部大开发,铁路基建,无人机,5G概念,军民融合,华为概念,光刻机(胶),国产芯片,第三代半导体,可控核聚变,DeepSeek概念,通信技术",21.12,0.14,12.71,5.64,7.18,0.72,131.13,9.05,11.00,行业其他电子Ⅱ均涨1.05%上涨率58%前排55%/21%；强概念5G概念均涨1.45%上涨率66%；主线11/15,60.20,成交额分层5/12；换手3/5；量比1/4；涨跌幅2/8；振幅质量近似1/5；日内位置1/8；尾盘近似1.2/20；历史风险22/22；空间盈亏比13/13；行业其他电子Ⅱ均涨1.05%上涨率58%前排55%/21%；强概念5G概念均涨1.45%上涨率66%；主线11/15；执行条件不足封顶79,备选,成交额观察、换手率适中、价格区间适合重仓隔夜,20.89-21.06企稳可分批看第一笔,否,今天不追高，只有回踩关键区后重新企稳才看；参考区间：20.89-21.06企稳可分批看第一笔,若跌破日内低点20.89或回踩后持续弱于昨收21.09，应降低仓位预期,Top81
上交所,沪市主板,600338,西藏珠峰,工业金属,西藏板块,"参股券商,锂电池概念,西部大开发,小金属概念,一带一路,锂矿概念,电池技术",21.23,0.00,13.39,6.12,6.90,0.80,26.98,4.30,2.00,行业工业金属均涨-0.44%上涨率37%前排39%/25%；主线2/15,56.99,成交额分层5/12；换手3/5；量比1/4；涨跌幅2/8；振幅质量近似1/5；日内位置3/8；尾盘近似4.99/20；历史风险22/22；空间盈亏比13/13；行业工业金属均涨-0.44%上涨率37%前排39%/25%；主线2/15；主线不足封顶79；执行条件不足封顶79,备选,成交额观察、换手率适中、价格区间适合重仓隔夜,20.91-21.16企稳可分批看第一笔,否,今天不追高，只有回踩关键区后重新企稳才看；参考区间：20.91-21.16企稳可分批看第一笔,若跌破日内低点20.50或回踩后持续弱于昨收21.23，应降低仓位预期,Top82
深交所,深市主板,002317,众生药业,中药Ⅱ,广东板块,"中药概念,养老概念,病毒防治,维生素,流感,长寿药,辅助生殖,幽门螺杆菌概念,肝炎概念,创新药,减肥药,病原体防治",22.47,4.71,15.26,8.01,8.96,0.69,47.83,4.59,4.00,行业中药Ⅱ均涨-0.90%上涨率20%前排3%/2%；主线4/15,56.79,成交额分层5/12；换手1/5；量比1/4；涨跌幅2/8；振幅质量近似1/5；日内位置3/8；尾盘近似4.79/20；历史风险22/22；空间盈亏比13/13；行业中药Ⅱ均涨-0.90%上涨率20%前排3%/2%；主线4/15；主线不足封顶79；执行条件不足封顶79,备选,成交额观察、价格区间适合重仓隔夜,21.87-22.21回踩稳住再看，不追高,否,今天不追高，只有回踩关键区后重新企稳才看；参考区间：21.87-22.21回踩稳住再看，不追高,当日涨幅偏高，若跌破21.40附近承接且收不回，不宜追高接力,Top83
上交所,沪市主板,603278,大业股份,通用设备,山东板块,"新能源,光伏概念,风能",17.07,0.65,19.02,11.20,32.02,1.20,-59.39,3.01,3.00,行业通用设备均涨0.02%上涨率46%前排35%/5%；强概念新能源均涨0.34%上涨率52%；主线3/15,56.20,成交额分层5/12；换手1/5；量比4/4；涨跌幅5/8；振幅质量近似1/5；日内位置1/8；尾盘近似1.2/20；历史风险22/22；空间盈亏比13/13；行业通用设备均涨0.02%上涨率46%前排35%/5%；强概念新能源均涨0.34%上涨率52%；主线3/15；主线不足封顶79；执行条件不足封顶79,备选,成交额观察、涨幅未过热、量比健康、价格区间适合重仓隔夜,16.59-16.98企稳可分批看第一笔,否,今天不追高，只有回踩关键区后重新企稳才看；参考区间：16.59-16.98企稳可分批看第一笔,换手已偏高，若重新跌破昨收16.96附近，短线波动可能加剧,Top84
上交所,沪市主板,600078,澄星股份,农化制品,江苏板块,"化工原料,长江三角,磷化工",16.22,4.85,10.31,7.30,9.59,0.88,99.50,6.44,4.00,行业农化制品均涨-1.17%上涨率21%前排4%/9%；主线4/15,51.29,成交额分层5/12；换手1/5；量比1/4；涨跌幅2/8；振幅质量近似1/5；日内位置1/8；尾盘近似1.29/20；历史风险22/22；空间盈亏比13/13；行业农化制品均涨-1.17%上涨率21%前排4%/9%；主线4/15；主线不足封顶79；执行条件不足封顶79,备选,成交额观察、价格区间适合重仓隔夜,15.82-16.05回踩稳住再看，不追高,否,今天不追高，只有回踩关键区后重新企稳才看；参考区间：15.82-16.05回踩稳住再看，不追高,当日涨幅偏高，若跌破15.75附近承接且收不回，不宜追高接力,Top85
上交所,沪市主板,601211,国泰海通,证券Ⅱ,上海板块,"长江三角,互联网金融,券商概念,科创板做市商,并购重组概念",15.45,0.06,14.65,0.91,0.70,0.61,10.66,0.83,3.00,行业证券Ⅱ均涨-0.19%上涨率24%前排24%/10%；强概念并购重组概念均涨0.56%上涨率51%；主线3/15,46.21,成交额分层5/12；换手1/5；量比1/4；涨跌幅2/8；振幅质量近似1/5；日内位置3/8；尾盘近似7.21/20；历史风险22/22；空间盈亏比1/13；行业证券Ⅱ均涨-0.19%上涨率24%前排24%/10%；强概念并购重组概念均涨0.56%上涨率51%；主线3/15；主线不足封顶79,备选,成交额观察、价格区间适合重仓隔夜,15.41-15.44企稳可分批看第一笔,观察后决定,先观察承接与回收，再决定是否试10%；参考区间：15.41-15.44企稳可分批看第一笔,若跌破日内低点15.37或回踩后持续弱于昨收15.44，应降低仓位预期,Top86
